﻿Model,Colour,Price
SanDisk Ultra Dual Drive M3.0 32 GB OTG Drive,"Black, Type A to Micro USB",₹639
Sony USM32GR/W// USM32GR/W2// USM32GR/WZ 32 GB Pen Driv...,White,₹449
Toshiba TransMemory - U202 32 GB Pen Drive,White,₹354
Toshiba TransMemory 16GB USB FLASH DRIVE,White,₹346
Sony USM64GR/B2/USM64GR/B3 IN 31302149 64 GB Pen Drive,Black,₹649
SanDisk SDCZ50-064g-I35 /SDCZ50-064g-B35 64 GB Pen Driv...,"Black, Red",₹749
SanDisk SDDD3-032G-I35GW 32 GB OTG Drive,"Gold, Type A to Micro USB",₹639
SanDisk Ultra Dual SDDD3-064G-I35 64 GB OTG Drive,"Black, Type A to Micro USB",₹989
SanDisk Ultra USB3.0 32 GB Pen Drive,Black,₹539
SanDisk SDDD3-064G-I35GW 64 GB OTG Drive,"Gold, Type A to Micro USB",₹995
HP MM-OTG032GB-02P 32 GB Pen Drive,"Silver, Blue",₹679
Kingston DTSWIVL/32GBIN 32 GB Pen Drive,Black,₹449
HP X740W Metal USB 3.0/3.1 Flash Drive 32 GB Pen Drive,Silver,₹636
Sandisk Cruzer Blade 32 GB,"Black, Red",₹440
HP MM-OTG064GB-02P 64 GB OTG Drive,"Silver, Blue, Type A to Micro USB",₹999
Sandisk Cruzer Blade 16 GB Utility Pendrive,"Black, Red",₹349
Kingston USB-3.1/3.0/2.0 Data Traveler 50 16 GB Pen Dri...,Grey,₹309
SanDisk Ultra Dual Drive 3.0 OTG 64 GB Pen Drive,Black,₹940
Kingston USB 3.0 Data Traveler 50- 32 GB Pen Drive,Grey,₹485
Toshiba U301 64 GB Pen Drive,White,₹995
SanDisk SDDDC2-128G-I35 128 GB OTG Drive,"Silver, Black, Type A to Type C","₹1,885"
SanDisk 16GB Pendrive 16 GB Pen Drive,Multicolor,₹348
SanDisk Cruzr Blade 32 GB Pen Drive,"Black, Red",₹410
Kingston DataTraveler SE9 16 GB Pen Drive,Silver,₹309
SanDisk Cruzer Blade 16GB USB 2.0 Pendrive ( Pack of 2 ...,Black,₹690
SanDisk MG07 16 GB Pen Drive,"Red, Black",₹365
SanDisk Ultra Dual SDDD3-016G-I35 16 GB OTG Drive,"Black, Type A to Micro USB",₹489
SanDisk Cruzer Blade USB Flash Drive CZ50 16 GB Pen Dri...,Multicolor,₹344
Sony USM32GR/B3 IN 31302148 32 GB Pen Drive,Black,₹379
SanDisk Ultra Dual Drive M3.0 32 GB OTG Drive 32 GB OTG...,"Black, Type A to Micro USB",₹620
SanDisk SDCZ71-016G-I35 / Cruzer Force 16 GB Pen Drive,Silver,₹425
SanDisk OTG 3.0 Dual Drive 64 GB Pen Drive,Black,₹985
HP Type 'C' OTG 3.1 Metal USB Dual Drive X304m 32 GB OT...,"Silver, Black, Type A to Type C",₹982
Sony Micro Vault USM32GN 32 GB Pen Drive,Black,₹379
Kingston DTSWIVL/64GBIN 64 GB Pen Drive,Black,"₹1,095"
Sony USM64GR/W3//USM64GR/W2 64 GB Pen Drive,White,₹749
SanDisk Ultra Dual SDDD3-128G-G46/SDDD3-128G-i35 128 GB...,"Black, Type A to Micro USB","₹1,739"
HP Type 'C' OTG 3.1 Metal USB Dual Drive X304m 64 GB OT...,"Silver, Black, Type A to Type C","₹1,280"
SanDisk Ultra flair 3.0 USB Flash Drive speed up to 150...,Black,₹639
SanDisk cruser blade 64 GB Pen Drive,Red,₹700
